id;groesse_cm;gewicht_kg;profil;spannweite;max_sprung
M-001;176;85;AAKTTKKAALAKKAAALAAAALAA;3;1
M-002;175;65;AAKTKKAALAKKAAAALAAAALAA;3;1
M-003;180;84;AAKWTKKALAAKAAAALAAAALAA;4;2
M-004;180;83;AAKKKKAALAKAAAAALAAAALAA;2;1
M-005;169;66;AAKTKKAALAKKKAAALAAAALAA;3;1
M-006;183;99;AAKWTKKALAKKAAAALAAAALAA;4;2
M-007;167;51;AAKKKAAAAAAKAAAALAAAALAA;2;1
M-008;169;93;AAKTTKAABKKKAAAALAAAALAA;4;3
M-009;171;48;AAKKKKAAAKKKAAAALAAAALAA;2;1
M-010;180;89;AAKTKKKLAKAAAAAALAAAALAA;3;2
M-011;172;75;AAKKKKAALAKKAAAALAAAALAA;2;1
M-012;180;95;AAKWTKKAALAKKAAALAAAALAA;4;2
M-013;155;65;AAKTTKALAKKKAAAALAAAALAA;3;1
M-014;172;90;AAKTTKAAABAKKAAALAAAALAA;4;2
M-015;182;133;AAKTKKKABAKAAAAALAAAALAA;4;2
M-016;163;91;AAKTTTKLAKAAAAAALAAAALAA;3;2
M-017;189;82;AAKTKKKALAKAAAAALAAAALAA;3;1
M-018;170;70;AAKTKKAAALAKKAAALAAAALAA;3;1
M-019;180;81;AAKWTKKAALAKKAAALAAAALAA;4;2
M-020;183;93;AAKWTKKALAKKAAAALAAAALAA;4;2
M-021;165;67;AAKTKKAALAKKAAAALAAAALAA;3;1
M-022;177;64;AAKKKKAALAKKAAAALAAAALAA;2;1
M-023;198;115;AAKWTKKALAKAAAAALAAAALAA;4;2
M-024;173;101;AAKTTKAAABAKKKAALAAAALAA;4;2
M-025;188;95;AAKWTKKALAAKAAAALAAAALAA;4;2
M-026;168;68;AAKTKKAALAAKKAAALAAAALAA;3;1
M-027;193;125;AAKTKKKABAAKAAAALAAAALAA;4;2
M-028;180;110;AAKTTKAABKKKAAAALAAAALAA;4;3
M-029;184;140;AAKWTKKABAAKAAAALAAAALAA;5;2
M-030;158;62;AAKTKKAALAKKAAAALAAAALAA;3;1